file	url
review-01.jpg	https://cdn.imweb.me/thumbnail/20260211/7b528f1378eb2.jpg
review-02.jpg	https://cdn.imweb.me/thumbnail/20260211/3421a69f2cd1d.jpg
review-03.jpg	https://cdn.imweb.me/thumbnail/20260211/63e05cbb890a9.jpg
review-04.jpg	https://cdn.imweb.me/thumbnail/20260211/a2993b1032b37.jpg
review-05.jpg	https://cdn.imweb.me/thumbnail/20260211/f5aa0c3cafca5.jpg
review-06.jpg	https://cdn.imweb.me/thumbnail/20260211/584453e72fb55.jpg
review-07.jpg	https://cdn.imweb.me/thumbnail/20260211/5b5bdde2ce81b.jpg
review-08.jpg	https://cdn.imweb.me/thumbnail/20260131/f5fbfd03d2f98.jpg
review-09.jpg	https://cdn.imweb.me/thumbnail/20260131/fc02e0c073603.jpg
review-10.jpg	https://cdn.imweb.me/thumbnail/20260131/d48a1d1181f25.jpg
review-11.jpg	https://cdn.imweb.me/thumbnail/20260131/ed2c52d0c0662.jpg
review-12.jpg	https://cdn.imweb.me/thumbnail/20260101/4932915e5f116.jpg
review-13.jpg	https://cdn.imweb.me/thumbnail/20260101/ee590440bd8d3.jpg
review-14.jpg	https://cdn.imweb.me/thumbnail/20260101/2fa0687b3783e.jpg
review-15.jpg	https://cdn.imweb.me/thumbnail/20260101/4d63fc3fc01c8.jpg
review-16.jpg	https://cdn.imweb.me/thumbnail/20260101/98cd89285d500.jpg
review-17.jpg	https://cdn.imweb.me/thumbnail/20260101/faaf33a9d4e7a.jpg
review-18.jpg	https://cdn.imweb.me/thumbnail/20260101/fe0b6d818289d.jpg
review-19.jpg	https://cdn.imweb.me/thumbnail/20260101/3ae33b4b203d7.jpg
review-20.jpg	https://cdn.imweb.me/thumbnail/20260101/468f8d5cdb35a.jpg
