asset-01.png	200x200	https://cdn.imweb.me/thumbnail/20260612/c92b18aa305f5.png
asset-02.png	144x144	https://cdn.imweb.me/thumbnail/20260612/8f968f3ac9d56.png
asset-03.jpg	750x1000	https://cdn-optimized.imweb.me/upload/S202512307e340251381c6/478a1eb0a880e.jpg?w=800
asset-04.jpg	750x1000	https://cdn-optimized.imweb.me/upload/S202512307e340251381c6/c1f347864edc0.jpg?w=800
asset-05.jpg	750x1000	https://cdn-optimized.imweb.me/upload/S202512307e340251381c6/96a0acd93640f.jpg?w=800
asset-06.jpg	750x1000	https://cdn-optimized.imweb.me/upload/S202512307e340251381c6/466f16b738105.jpg?w=800
asset-07.jpg	750x1000	https://cdn-optimized.imweb.me/upload/S202512307e340251381c6/774672b7091a4.jpg?w=800
asset-08.jpg	750x1000	https://cdn-optimized.imweb.me/upload/S202512307e340251381c6/2c516fdb67bb7.jpg?w=800
asset-09.jpg	750x850	https://cdn-optimized.imweb.me/upload/S202512307e340251381c6/9698859be4a3f.jpg?w=800
asset-10.jpg	750x1000	https://cdn-optimized.imweb.me/upload/S202512307e340251381c6/c02d9b1474c38.jpg?w=800
asset-11.jpg	750x1000	https://cdn-optimized.imweb.me/upload/S202512307e340251381c6/8c1b0691d932a.jpg?w=800
asset-12.jpg	750x1000	https://cdn-optimized.imweb.me/upload/S202512307e340251381c6/d7295158d89ee.jpg?w=800
asset-13.jpg	750x1000	https://cdn-optimized.imweb.me/upload/S202512307e340251381c6/f402647d34d91.jpg?w=800
asset-14.jpg	750x1000	https://cdn-optimized.imweb.me/upload/S202512307e340251381c6/a18fbcefc26dc.jpg?w=800
asset-15.jpg	750x1000	https://cdn-optimized.imweb.me/upload/S202512307e340251381c6/ef790ab41f885.jpg?w=800
asset-16.jpg	750x1000	https://cdn-optimized.imweb.me/upload/S202512307e340251381c6/0951a9be2182e.jpg?w=800
asset-17.jpg	750x1000	https://cdn-optimized.imweb.me/upload/S202512307e340251381c6/77b3dbc902622.jpg?w=800
asset-18.jpg	750x1000	https://cdn-optimized.imweb.me/upload/S202512307e340251381c6/da04f2e844005.jpg?w=800
asset-19.png	860x1100	https://cdn.imweb.me/thumbnail/20260117/7d32ebeb6d437.png
asset-20.png	200x200	https://cdn.imweb.me/upload/S2025021437a0892dbdc28/0f242d3c0863b.png
asset-21.png	200x200	https://cdn.imweb.me/upload/S2025021437a0892dbdc28/834979f9f3b45.png
asset-22.png	200x200	https://cdn.imweb.me/upload/S2025021437a0892dbdc28/536663c93266b.png
asset-23.png	200x200	https://cdn.imweb.me/upload/S2025021437a0892dbdc28/68d37fb38f351.png
asset-24.png	200x200	https://cdn.imweb.me/upload/S2025021437a0892dbdc28/01f8bc4e7161a.png