all-001.png	1200x630	https://cdn.imweb.me/upload/S202512307e340251381c6/3a43addfa568a.png
all-002.ico	256x256	https://cdn.imweb.me/upload/S202512307e340251381c6/ec85e3bfc2843.ico
all-003.png	152x152	https://cdn.imweb.me/thumbnail/20251230/fe74e8aed855b.png
all-004.png	196x196	https://cdn.imweb.me/thumbnail/20251230/5916ed779f4a8.png
all-005.png	144x144	https://cdn.imweb.me/thumbnail/20251230/610528a14ef16.png
all-006.png	310x310	https://cdn.imweb.me/thumbnail/20251230/7106f4fa9ff0b.png
all-007.png	200x200	https://cdn.imweb.me/upload/S202512307e340251381c6/4cdd06faa1cda.png
all-008.png	200x200	https://cdn.imweb.me/thumbnail/20260612/c92b18aa305f5.png
all-009.png	144x144	https://cdn.imweb.me/thumbnail/20260612/8f968f3ac9d56.png
all-010.png	1920x720	https://cdn.imweb.me/thumbnail/20260117/07c7887586e41.png
all-011.png	1920x720	https://cdn.imweb.me/thumbnail/20251230/2f321d0add0a2.png
all-012.png	1080x1512	https://cdn.imweb.me/thumbnail/20251230/f79e310c59327.png
all-013.png	1080x1512	https://cdn.imweb.me/thumbnail/20251230/850b06fa3968e.png
all-014.png	1080x1512	https://cdn.imweb.me/thumbnail/20251230/376ef343e71f3.png
all-015.png	1080x1512	https://cdn.imweb.me/thumbnail/20251230/3a29d2dccee9c.png
all-016.jpg	100x133	https://cdn-optimized.imweb.me/upload/S202512307e340251381c6/478a1eb0a880e.jpg?w=800;
all-017.jpg	750x1000	https://cdn-optimized.imweb.me/upload/S202512307e340251381c6/478a1eb0a880e.jpg?w=800
all-018.jpg	100x133	https://cdn-optimized.imweb.me/upload/S202512307e340251381c6/c1f347864edc0.jpg?w=800;
all-019.jpg	750x1000	https://cdn-optimized.imweb.me/upload/S202512307e340251381c6/c1f347864edc0.jpg?w=800
all-020.jpg	100x133	https://cdn-optimized.imweb.me/upload/S202512307e340251381c6/96a0acd93640f.jpg?w=800;
all-021.jpg	750x1000	https://cdn-optimized.imweb.me/upload/S202512307e340251381c6/96a0acd93640f.jpg?w=800
all-022.jpg	100x133	https://cdn-optimized.imweb.me/upload/S202512307e340251381c6/466f16b738105.jpg?w=800;
all-023.jpg	750x1000	https://cdn-optimized.imweb.me/upload/S202512307e340251381c6/466f16b738105.jpg?w=800
all-024.jpg	100x133	https://cdn-optimized.imweb.me/upload/S202512307e340251381c6/774672b7091a4.jpg?w=800;
all-025.jpg	750x1000	https://cdn-optimized.imweb.me/upload/S202512307e340251381c6/774672b7091a4.jpg?w=800
all-026.jpg	100x133	https://cdn-optimized.imweb.me/upload/S202512307e340251381c6/2c516fdb67bb7.jpg?w=800;
all-027.jpg	750x1000	https://cdn-optimized.imweb.me/upload/S202512307e340251381c6/2c516fdb67bb7.jpg?w=800
all-028.jpg	100x113	https://cdn-optimized.imweb.me/upload/S202512307e340251381c6/9698859be4a3f.jpg?w=800;
all-029.jpg	750x850	https://cdn-optimized.imweb.me/upload/S202512307e340251381c6/9698859be4a3f.jpg?w=800
all-030.jpg	100x133	https://cdn-optimized.imweb.me/upload/S202512307e340251381c6/c02d9b1474c38.jpg?w=800;
all-031.jpg	750x1000	https://cdn-optimized.imweb.me/upload/S202512307e340251381c6/c02d9b1474c38.jpg?w=800
all-032.jpg	100x133	https://cdn-optimized.imweb.me/upload/S202512307e340251381c6/8c1b0691d932a.jpg?w=800;
all-033.jpg	750x1000	https://cdn-optimized.imweb.me/upload/S202512307e340251381c6/8c1b0691d932a.jpg?w=800
all-034.jpg	100x133	https://cdn-optimized.imweb.me/upload/S202512307e340251381c6/d7295158d89ee.jpg?w=800;
all-035.jpg	750x1000	https://cdn-optimized.imweb.me/upload/S202512307e340251381c6/d7295158d89ee.jpg?w=800
all-036.jpg	100x133	https://cdn-optimized.imweb.me/upload/S202512307e340251381c6/f402647d34d91.jpg?w=800;
all-037.jpg	750x1000	https://cdn-optimized.imweb.me/upload/S202512307e340251381c6/f402647d34d91.jpg?w=800
all-038.jpg	100x133	https://cdn-optimized.imweb.me/upload/S202512307e340251381c6/a18fbcefc26dc.jpg?w=800;
all-039.jpg	750x1000	https://cdn-optimized.imweb.me/upload/S202512307e340251381c6/a18fbcefc26dc.jpg?w=800
all-040.jpg	100x133	https://cdn-optimized.imweb.me/upload/S202512307e340251381c6/ef790ab41f885.jpg?w=800;
all-041.jpg	750x1000	https://cdn-optimized.imweb.me/upload/S202512307e340251381c6/ef790ab41f885.jpg?w=800
all-042.jpg	100x133	https://cdn-optimized.imweb.me/upload/S202512307e340251381c6/0951a9be2182e.jpg?w=800;
all-043.jpg	750x1000	https://cdn-optimized.imweb.me/upload/S202512307e340251381c6/0951a9be2182e.jpg?w=800
all-044.jpg	100x133	https://cdn-optimized.imweb.me/upload/S202512307e340251381c6/77b3dbc902622.jpg?w=800;
all-045.jpg	750x1000	https://cdn-optimized.imweb.me/upload/S202512307e340251381c6/77b3dbc902622.jpg?w=800
all-046.jpg	100x133	https://cdn-optimized.imweb.me/upload/S202512307e340251381c6/da04f2e844005.jpg?w=800;
all-047.jpg	750x1000	https://cdn-optimized.imweb.me/upload/S202512307e340251381c6/da04f2e844005.jpg?w=800
all-048.png	860x1100	https://cdn.imweb.me/thumbnail/20260117/7d32ebeb6d437.png
all-049.jpg	701x934	https://cdn.imweb.me/thumbnail/20260211/7b528f1378eb2.jpg
all-050.jpg	700x637	https://cdn.imweb.me/thumbnail/20260211/3421a69f2cd1d.jpg
all-051.jpg	701x934	https://cdn.imweb.me/thumbnail/20260211/63e05cbb890a9.jpg
all-052.jpg	701x934	https://cdn.imweb.me/thumbnail/20260211/a2993b1032b37.jpg
all-053.jpg	701x934	https://cdn.imweb.me/thumbnail/20260211/f5aa0c3cafca5.jpg
all-054.jpg	701x934	https://cdn.imweb.me/thumbnail/20260211/584453e72fb55.jpg
all-055.jpg	701x934	https://cdn.imweb.me/thumbnail/20260211/5b5bdde2ce81b.jpg
all-056.jpg	701x934	https://cdn.imweb.me/thumbnail/20260131/f5fbfd03d2f98.jpg
all-057.jpg	788x934	https://cdn.imweb.me/thumbnail/20260131/fc02e0c073603.jpg
all-058.jpg	892x933	https://cdn.imweb.me/thumbnail/20260131/d48a1d1181f25.jpg
all-059.png	200x200	https://cdn.imweb.me/upload/S2025021437a0892dbdc28/0f242d3c0863b.png
all-060.png	200x200	https://cdn.imweb.me/upload/S2025021437a0892dbdc28/834979f9f3b45.png
all-061.png	200x200	https://cdn.imweb.me/upload/S2025021437a0892dbdc28/536663c93266b.png
all-062.png	200x200	https://cdn.imweb.me/upload/S2025021437a0892dbdc28/68d37fb38f351.png
all-063.png	200x200	https://cdn.imweb.me/upload/S2025021437a0892dbdc28/01f8bc4e7161a.png